{
  "defaultSeverity": "error",
  "extends": [
    "tslint:recommended"
  ],
  "jsRules": {
    "no-unused-expression": true
  },
  "rules": {
    "quotemark": [
      true,
      "single"
    ],
    "member-access": [
      false
    ],
    "ordered-imports": [
      false
    ],
    "max-line-length": [
      false,
      150
    ],
    "member-ordering": [
      false
    ],
    "interface-name": [
      false
    ],
    "arrow-parens": false,
    "object-literal-sort-keys": false,
    "curly": false,
    "no-var-requires": false,
    "no-namespace": false
  },
  "rulesDirectory": []
}
